{
    "alpha": 0.5461510938028569,
    "colsample_bytree": 0.6400994858694297,
    "learning_rate": 0.0905470317515548,
    "max_depth": 11,
    "reg_lambda": 9.508835881325213,
    "subsample": 0.6161579562879939
}