{
    "train_metrics": {
        "mse": 0.003886607917837459,
        "rmse": 0.06234266530905989,
        "r2": 0.9691252416892785,
        "r": 0.9844415887645536,
        "mae": 0.04157344942889828
    },
    "test_metrics": {
        "mse": 0.007454126874734524,
        "rmse": 0.08633728554184758,
        "r2": 0.9318889054503703,
        "r": 0.9653439311718753,
        "mae": 0.05650407396774833
    },
    "val_metrics": {
        "mse": 0.005740316101015711,
        "rmse": 0.07576487379396676,
        "r2": 0.9578949379077827,
        "r": 0.9787210725777711,
        "mae": 0.048373578792437734
    }
}