{
    "train_metrics": {
        "mse": 0.005466096203043906,
        "rmse": 0.07393305216913411,
        "r2": 0.9350567688518555,
        "r": 0.9669833343196022,
        "mae": 0.04525770608705546
    },
    "test_metrics": {
        "mse": 0.006526181651534041,
        "rmse": 0.08078478601527667,
        "r2": 0.9272666632106655,
        "r": 0.9629468641678343,
        "mae": 0.05462160905886974
    },
    "val_metrics": {
        "mse": 0.006836939559355127,
        "rmse": 0.08268578813408703,
        "r2": 0.9199203038438634,
        "r": 0.9591247592695453,
        "mae": 0.05491119358310786
    }
}