{
    "X_min": {
        "sqrt(t/R)": 0.3921598782113491,
        "E*sqrt(t)/Kic": 132.86780735868317,
        "ell/R": 4.301075268817205e-05,
        "v": 0.15
    },
    "X_max": {
        "sqrt(t/R)": 8.913206413294825,
        "E*sqrt(t)/Kic": 8451.542547285166,
        "ell/R": 0.07248989881000001,
        "v": 0.36
    },
    "y_min": 2.0254952076677317,
    "y_max": 18.63810386858938
}