{
    "X_min": {
        "sqrt(t/R)": 1.0213714418398432,
        "E*sqrt(t)/Kic": 293.1210296388318,
        "ell/R": 5.1846159215466005e-05,
        "v": 0.18
    },
    "X_max": {
        "sqrt(t/R)": 7.753948852333242,
        "E*sqrt(t)/Kic": 3246.539059782055,
        "ell/R": 0.8589103257799999,
        "v": 0.3
    },
    "y_min": 2.0658934823773714,
    "y_max": 18.539709448809628
}