{
    "X_min": {
        "sqrt(t/R)": 0.761,
        "E*sqrt(t)/Kic": 245.500970758974,
        "v": 0.16
    },
    "X_max": {
        "sqrt(t/R)": 6.4201609479202,
        "E*sqrt(t)/Kic": 8228.57142857143,
        "v": 0.294
    },
    "y_min": 1.6146823529411767,
    "y_max": 27.724158800626903
}