{
    "X_min": {
        "sqrt(t/R)": 0.11180339887498948,
        "E*sqrt(t)/Kic": 1228.491540326508,
        "v": 0.16
    },
    "X_max": {
        "sqrt(t/R)": 9.12352049781804,
        "E*sqrt(t)/Kic": 17598.124551492543,
        "v": 0.291
    },
    "y_min": 1.4801083040273295,
    "y_max": 30.283191177730124
}