{
    "X_min": {
        "sqrt(t/R)": 1.0213714418398432,
        "E*sqrt(t)/Kic": 293.1210296388318,
        "ell/R": 5.1846159215466005e-05,
        "v": 0.18
    },
    "X_max": {
        "sqrt(t/R)": 8.376598058066293,
        "E*sqrt(t)/Kic": 7850.689990907381,
        "ell/R": 1.0023913575199999,
        "v": 0.3
    },
    "y_min": 2.0658934823773714,
    "y_max": 20.794538976367555
}